{
    "0": 16.8147331565,
    "1": 18.3612235411,
    "2": 18.1678820605,
    "3": 18.6096499284,
    "4": 22.4749826895,
    "5": 17.7752241035,
    "6": 24.8956120627,
    "7": 19.6485164438,
    "8": 17.8064968885,
    "9": 19.6575826161,
    "10": 15.1136280461,
    "11": 20.5442971238,
    "12": 20.2522183968,
    "13": 23.4360128904,
    "14": 24.2613809145,
    "15": 24.251570815,
    "16": 19.5067569196,
    "17": 17.4702815894,
    "18": 24.2307505619,
    "19": 15.9450270429,
    "20": 16.8541642884,
    "21": 16.188972879,
    "22": 24.3359327283,
    "23": 22.4677323863,
    "24": 17.7916367291,
    "25": 18.5195787055,
    "26": 18.8309985723,
    "27": 17.8787767217,
    "28": 21.8753064142,
    "29": 15.2856251216,
    "30": 18.5291771513,
    "31": 21.9094720599,
    "32": 22.9753803408,
    "33": 15.5504094954,
    "34": 20.5852331911,
    "35": 16.9485783617,
    "36": 24.7180053356,
    "37": 19.7433551433,
    "38": 16.062220636,
    "39": 19.629337529,
    "40": 18.4013864252,
    "41": 22.8036080784,
    "42": 20.3128019985,
    "43": 23.8316746061,
    "44": 23.9863070155,
    "45": 23.2822468308,
    "46": 16.2771579014,
    "47": 18.3823922849,
    "48": 18.7827041898,
    "49": 22.5407678839,
    "50": 15.6659619331,
    "51": 23.3724644075,
    "52": 20.1831043861,
    "53": 19.8840504161,
    "54": 19.1390540816,
    "55": 17.8469274969,
    "56": 19.2144434365,
    "57": 17.3016681294,
    "58": 20.0884121765,
    "59": 24.1274241223,
    "60": 19.764876549,
    "61": 18.6065472427,
    "62": 23.9861305083,
    "63": 15.4534558214,
    "64": 17.3327359886,
    "65": 17.6824332528,
    "66": 23.1846540192,
    "67": 21.7193656007,
    "68": 20.3322299939,
    "69": 23.1160998826,
    "70": 20.0065327209,
    "71": 18.5055251098,
    "72": 19.6641116453,
    "73": 21.8366249418,
    "74": 24.8270959616,
    "75": 23.4258114377,
    "76": 22.8062539414,
    "77": 19.2749443005,
    "78": 15.5819214082,
    "79": 17.0573581257,
    "80": 20.9648909996,
    "81": 19.4653148058,
    "82": 15.0508458011,
    "83": 15.5961946293,
    "84": 23.9764692766,
    "85": 24.1263800672,
    "86": 22.5218738781,
    "87": 17.7066365766,
    "88": 24.3391505353,
    "89": 20.3638152548,
    "90": 20.4601617028,
    "91": 21.133536818,
    "92": 23.7138451185,
    "93": 24.8065745499,
    "94": 18.5976478009,
    "95": 16.4658800901,
    "96": 19.9835855734,
    "97": 22.4161786847,
    "98": 15.8102964604,
    "99": 18.9664991001,
    "100": 16.924456332,
    "101": 16.0679983377,
    "102": 22.7629946434,
    "103": 17.8648098594,
    "104": 19.4918501863,
    "105": 19.5151297968,
    "106": 17.5210968065,
    "107": 24.946558947,
    "108": 16.0032589888,
    "109": 15.732809111,
    "110": 19.8091040119,
    "111": 23.8038320727,
    "112": 16.2205062487,
    "113": 24.5642469597,
    "114": 17.3291058564,
    "115": 15.2748168013,
    "116": 18.3174191052,
    "117": 22.905023016,
    "118": 19.1145484378,
    "119": 16.5779859731,
    "120": 17.9008267087,
    "121": 22.8626654653,
    "122": 23.3115315567,
    "123": 24.7246014201,
    "124": 24.0377677076,
    "125": 18.6881340348,
    "126": 21.1310674922,
    "127": 17.4012748881,
    "128": 16.3061146328,
    "129": 16.0196122656,
    "130": 21.6270522038,
    "131": 21.6179348667,
    "132": 24.8742319302,
    "133": 17.3000200946,
    "134": 15.513608044,
    "135": 17.5323841673,
    "136": 16.6680156361,
    "137": 21.363021755,
    "138": 17.7650667927,
    "139": 22.9475377322,
    "140": 23.6809393029,
    "141": 15.111429279,
    "142": 24.9497469264,
    "143": 19.5986675104,
    "144": 23.3900215831,
    "145": 20.877649727,
    "146": 22.6856932486,
    "147": 18.6351400546,
    "148": 16.5501397599,
    "149": 23.9591582865,
    "150": 20.7315182451,
    "151": 21.4079115925,
    "152": 16.720136713,
    "153": 24.9165058497,
    "154": 17.443631754,
    "155": 23.1441001167,
    "156": 21.4773301882,
    "157": 24.1351388634,
    "158": 16.3873569265,
    "159": 17.0223794827,
    "160": 22.8554863687,
    "161": 16.4002916784,
    "162": 17.7052310335,
    "163": 21.3807854751,
    "164": 21.7603282615,
    "165": 15.6307856456,
    "166": 15.5708295722,
    "167": 21.4983338799,
    "168": 15.219741629,
    "169": 17.2286334539,
    "170": 22.7474508224,
    "171": 23.6474419727,
    "172": 21.9622757823,
    "173": 18.051753239,
    "174": 20.9531283365,
    "175": 17.1604125622,
    "176": 23.2096830076,
    "177": 21.2111681521,
    "178": 21.977623509,
    "179": 21.5892224973,
    "180": 17.6730776346,
    "181": 23.8010131041,
    "182": 23.9406572415,
    "183": 19.8315101523,
    "184": 22.2281903371,
    "185": 21.0849521278,
    "186": 22.5039793557,
    "187": 17.4975835592,
    "188": 17.2444293141,
    "189": 23.7853009755,
    "190": 23.6318093565,
    "191": 22.7887947893,
    "192": 15.7778511165,
    "193": 22.8475882468,
    "194": 20.2471505471,
    "195": 21.9081303986,
    "196": 15.7993782863,
    "197": 24.0767629383,
    "198": 22.0530784585,
    "199": 16.0542774898,
    "200": 16.618052727,
    "201": 22.9665759703,
    "202": 22.1588662318,
    "203": 19.1357107978,
    "204": 19.5303901872,
    "205": 15.641336748,
    "206": 19.6741389198,
    "207": 22.0503010264,
    "208": 19.3317033173,
    "209": 17.7728127302,
    "210": 24.7853514689,
    "211": 16.0104078385,
    "212": 19.11000229,
    "213": 23.7031898611,
    "214": 19.7149380793,
    "215": 19.9184200819,
    "216": 20.7390646619,
    "217": 16.2564698937,
    "218": 22.350705146,
    "219": 22.3637703978,
    "220": 24.3911332143,
    "221": 18.5866782773,
    "222": 20.0109870161,
    "223": 21.4344834198,
    "224": 24.660199339,
    "225": 17.1455817355,
    "226": 21.8689572529,
    "227": 20.2063126966,
    "228": 19.6914285741,
    "229": 18.5170263575,
    "230": 20.7692798828,
    "231": 18.3875420449,
    "232": 16.0068778619,
    "233": 24.8316820398,
    "234": 15.5423908007,
    "235": 21.4164899661,
    "236": 15.170126495,
    "237": 19.4692629776,
    "238": 15.4052733062,
    "239": 16.1091653979,
    "240": 17.2189404653,
    "241": 19.0291051219,
    "242": 16.8021029756,
    "243": 20.6857035669,
    "244": 17.9789371344,
    "245": 15.662228682,
    "246": 24.5765384155,
    "247": 15.0106002192,
    "248": 22.4766890065,
    "249": 22.4832229703,
    "250": 23.3556253164,
    "251": 19.9171824499,
    "252": 21.9115262346,
    "253": 17.8210939833,
    "254": 15.9434821736,
    "255": 17.0351702556,
    "256": 20.2309793835,
    "257": 24.9686347765,
    "258": 17.1299930724,
    "259": 17.8123598233,
    "260": 15.5081888545,
    "261": 23.296614157,
    "262": 16.3163269801,
    "263": 15.6722133906,
    "264": 23.722165011,
    "265": 17.1288777412,
    "266": 19.8737761927,
    "267": 18.1687120295,
    "268": 21.7891894316,
    "269": 21.9306411216,
    "270": 19.8212957681,
    "271": 15.6366792714,
    "272": 18.8011481406,
    "273": 16.4495741494,
    "274": 15.2026680186,
    "275": 24.8761807226,
    "276": 15.7840885135,
    "277": 20.6169018996,
    "278": 23.3824127095,
    "279": 15.0962349379,
    "280": 19.7336589551,
    "281": 15.970942297,
    "282": 15.5298592271,
    "283": 22.1800365972,
    "284": 18.0118799922,
    "285": 20.8182124214,
    "286": 21.245250961,
    "287": 20.0635163631
}
